sourceName,author,title,url,publishedAt
National Geographic,Christina Nunez,How to prepare for wildfire season,https://www.nationalgeographic.com/environment/article/wildfire-smoke-air-pollution-solutions-tips,2023-06-14
National Geographic,Charles Q. Choi,Astronomers find a key building block of life in an ocean on Saturn's moon Enceladus,https://www.nationalgeographic.com/premium/article/astronomers-detect-key-element-for-life-on-saturns-moon-enceladus,2023-06-14
National Geographic,Claire Wolters,Flag Day's long—and surprising—history explained,https://www.nationalgeographic.com/culture/article/flag-day-americans-remember-history,2023-06-14
National Geographic,Kerry Walker,From sundowners to fine dining: 8 culinary highlights in Lisbon,https://www.nationalgeographic.com/travel/article/lisbon-restaurants-with-a-view,2023-06-14
National Geographic,Mike MacEacheran,"5 adventure activities in Zadar, Croatia",https://www.nationalgeographic.com/travel/article/paid-content-5-adventure-activities-in-zadar-croatia,2023-06-14
National Geographic,Amelia Duggan,A place in the wild,https://www.nationalgeographic.com/travel/article/costa-rican-adventure,2023-06-14
National Geographic,Jason Bittel,What is a sonic boom—and is it dangerous?,https://www.nationalgeographic.com/science/article/sonic-boom-cause-shock-wave-physics,2023-06-14
National Geographic,Simon Usborne,"Fun tastings, fancy tours: how Scottish whisky experiences are evolving",https://www.nationalgeographic.com/travel/article/scottish-whisky-tours-are-evolving,2023-06-14
National Geographic,David Whitley,5 of the best wildlife experiences beyond Melbourne,https://www.nationalgeographic.com/travel/article/paid-content-nature-hotspots-melbourne-victoria-australia,2023-06-13
National Geographic,Robin Catalano,"These trails aren’t for hikers, they’re for kayakers",https://www.nationalgeographic.com/travel/article/these-little-known-network-of-water-trails-gets-you-paddling-across-the-us,2023-06-13
National Geographic,Paul Salopek,"Inside the ‘factory of the world,’ there is still a corner untouched by machines",https://www.nationalgeographic.com/culture/article/salopek-out-of-eden-china-yunnan-handmade-road,2023-06-13
National Geographic,Natalia Mesa,Does AI creep you out? You’re experiencing the ‘uncanny valley’,https://www.nationalgeographic.com/science/article/ai-uncanny-valley,2023-06-13
National Geographic,Sarah Kuta,The Confederate flag of truce was a simple dish towel,https://www.nationalgeographic.com/premium/article/confederate-dish-towel-appomattox-surrender-flag,2023-06-13
National Geographic,Stacey Colino,You may be overlooking this nutritional powerhouse. You shouldn't.,https://www.nationalgeographic.com/premium/article/diet-seeds-nutrition-hierarchy,2023-06-13
National Geographic,Patrick Twomey,How to plan an epic road trip through the Canadian Rocky Mountains,https://www.nationalgeographic.com/travel/article/road-trip-through-canadian-rocky-mountains,2023-06-13
National Geographic,Patricia S. Daniels,The three samurai who unified Medieval Japan,https://www.nationalgeographic.com/premium/article/three-samurai-unify-medieval-japan,2023-06-13
National Geographic,Mattia Ferraresi,Rome wasn’t built for today’s climate. Is there time to save it?,https://www.nationalgeographic.com/premium/article/rome-climate-change-flooding-extreme-rains-devastation,2023-06-13
National Geographic,Farida Zeynalova,"Kit list: the essential gear to pack like a pro, from smart luggage to bag trackers",https://www.nationalgeographic.com/travel/article/packing-essentials-smart-luggage-bag-trackers,2023-06-12
National Geographic,Erick Pinedo,"To save jaguars, he acts like a jaguar",https://www.nationalgeographic.com/premium/article/panama-jaguars-conservation-threats,2023-06-12
National Geographic,Nina Strochlic,Beyond the Western myth of exploration lies a rich and often overlooked history,https://www.nationalgeographic.com/premium/article/beyond-exploration-rich-overlooked-history,2023-06-12
New Scientist,Alex Wilkins,Fastest star in the galaxy clocked at 2285 kilometres per second,https://www.newscientist.com/article/2378266-fastest-star-in-the-galaxy-clocked-at-2285-kilometres-per-second/,2023-06-14
New Scientist,Chen Ly,Are big cats like black panthers and leopards really roaming the UK?,https://www.newscientist.com/article/2378197-are-big-cats-like-black-panthers-and-leopards-really-roaming-the-uk/,2023-06-14
New Scientist,Corryn Wetzel,Male harbour seals may learn vocalisations years before they need them,https://www.newscientist.com/article/2377854-male-harbour-seals-may-learn-vocalisations-years-before-they-need-them/,2023-06-14
New Scientist,Alice Klein,Extinct lizard was a bizarrely supersized version of modern skinks,https://www.newscientist.com/article/2378036-extinct-lizard-was-a-bizarrely-supersized-version-of-modern-skinks/,2023-06-14
New Scientist,Michael Le Page,Flies die sooner if they see dead flies,https://www.newscientist.com/article/2378079-flies-die-sooner-if-they-see-dead-flies/,2023-06-13
New Scientist,Chen Ly,"Fossils in Laos cave imply modern humans were in Asia 86,000 years ago",https://www.newscientist.com/article/2378160-fossils-in-laos-cave-imply-modern-humans-were-in-asia-86000-years-ago/,2023-06-13
New Scientist,Stuart Clark,What the huge young galaxies seen by JWST tell us about the universe,https://www.newscientist.com/article/mg25834433-200-what-the-huge-young-galaxies-seen-by-jwst-tell-us-about-the-universe/,2023-06-13
New Scientist,Soumya Sagar,Dehorning may affect how rhinos interact and establish territory,https://www.newscientist.com/article/2378121-dehorning-may-affect-how-rhinos-interact-and-establish-territory/,2023-06-13
New Scientist,Madeleine Cuff,Air quality: How does pollution affect your health?,https://www.newscientist.com/article/2377939-air-quality-how-does-pollution-affect-your-health/,2023-06-13
New Scientist,Sofia Quaglia,Microbe map reveals how hundreds of insects got their diets,https://www.newscientist.com/article/2377870-microbe-map-reveals-how-hundreds-of-insects-got-their-diets/,2023-06-13
New Scientist,Jason Arunn Murugesu,You can learn foreign words as you sleep but it won't make you fluent,https://www.newscientist.com/article/2377936-you-can-learn-foreign-words-as-you-sleep-but-it-wont-make-you-fluent/,2023-06-13
New Scientist,James Dinneen,North Atlantic Ocean has reached record-high surface temperatures,https://www.newscientist.com/article/2378026-north-atlantic-ocean-has-reached-record-high-surface-temperatures/,2023-06-12
New Scientist,Michael Le Page,Genetically engineered gut bacterium could protect bees from parasite,https://www.newscientist.com/article/2377926-genetically-engineered-gut-bacterium-could-protect-bees-from-parasite/,2023-06-12
New Scientist,Soumya Sagar,Zebrafish produce sunscreen to protect their embryos from UV light,https://www.newscientist.com/article/2373850-zebrafish-produce-sunscreen-to-protect-their-embryos-from-uv-light/,2023-06-12
New Scientist,Andrea Valentino,"The unique, vanishing languages that hold secrets about how we think",https://www.newscientist.com/article/mg25834430-800-the-unique-vanishing-languages-that-hold-secrets-about-how-we-think/,2023-06-12
New Scientist,Jonathan O’Callaghan,Fast-growing galaxy seen by JWST offers window on the early universe,https://www.newscientist.com/article/2377942-fast-growing-galaxy-seen-by-jwst-offers-window-on-the-early-universe/,2023-06-12
New Scientist,Michael Le Page,Life-extending parasite makes ants live at least three times longer,https://www.newscientist.com/article/2377755-life-extending-parasite-makes-ants-live-at-least-three-times-longer/,2023-06-12
Next Big Future,Brian Wang,Eventually All Stars and Planets Will Evaporate Via Hawking Radiation,https://www.nextbigfuture.com/2023/06/eventually-all-stars-and-planets-will-evaporate-via-hawking-radiation.html,2023-06-13
Next Big Future,Brian Wang,Living Carbon Makes Faster Growing Trees to Absorb Extra CO2,https://www.nextbigfuture.com/2023/06/living-carbon-makes-faster-growing-trees-to-absorb-extra-co2.html,2023-06-13
Next Big Future,Brian Wang,Tesla Delayed Semi Truck Production Ramp to Late 2024,https://www.nextbigfuture.com/2023/06/tesla-delayed-semi-truck-production-ramp-to-late-2024.html,2023-06-13
Next Big Future,Brian Wang,AKG Antiaging Supplement Results so Far,https://www.nextbigfuture.com/2023/06/akg-antiaging-supplement-results-so-far.html,2023-06-13
Next Big Future,Brian Wang,Creating Industries and a New Economy,https://www.nextbigfuture.com/2023/06/creating-industries-and-a-new-economy.html,2023-06-13
Next Big Future,chainwire,Highly Anticipated Chancer Crypto Presale Officially Launches Today,https://www.nextbigfuture.com/2023/06/highly-anticipated-chancer-crypto-presale-officially-launches-today.html,2023-06-13
Next Big Future,Brian Wang,Canada Passes 40 Million Population This Friday,https://www.nextbigfuture.com/2023/06/canada-passes-40-million-population-this-friday.html,2023-06-12
Next Big Future,chainwire,"Unveiling IVS Crypto 2023 KYOTO, The Largest Crypto Conference in Japan",https://www.nextbigfuture.com/2023/06/unveiling-ivs-crypto-2023-kyoto-the-largest-crypto-conference-in-japan.html,2023-06-12
Bloomberg,Ragini Saxena,Rampant Air Rage Aggravates Misery of Post-Pandemic Travel,https://www.bloomberg.com/news/articles/2023-06-12/rampant-air-rage-aggravates-misery-of-post-pandemic-travel,2023-06-12
Business Insider,Jennifer Sor,Elon Musk's decision to not pay rent on Twitter's offices is adding to commercial mortgage headaches at Goldman Sachs,https://markets.businessinsider.com/news/commodities/elon-musk-twitter-rent-payment-commercial-real-estate-goldman-sachs-2023-6,2023-06-14
Business Insider,Steven Tweedie,This is the one question the Microsoft CEO asks to test AI's smarts,https://www.businessinsider.com/microsoft-ceo-rumi-translation-poetry-ai-prompt-gpt-4-2023-6,2023-06-14
Business Insider,zsalfiti@insider.com (Zinya Salfiti),'Dean of Valuation' Aswath Damodaran says the story behind Nvidia's stock surge makes sense but its current price doesn't,https://markets.businessinsider.com/news/stocks/dean-valuation-aswath-damodaran-nvidia-stock-market-cap-tech-chipmaker-2023-6,2023-06-14
Business Insider,"Libby Kane, CFEI,Sarah Silbert, CEPF",Where to get new home insurance in Florida now that Farmers doesn't offer it,https://www.businessinsider.com/personal-finance/farmers-homeowners-insurance-florida-alternatives-2023-6,2023-06-14
Business Insider,jma@insider.com (Jason Ma),Billionaire investor Ken Griffin says the US is still headed for a recession - but he's bullish on China despite a disappointing rebound,https://markets.businessinsider.com/news/funds/ken-griffin-citadel-us-recession-china-economy-fed-rate-hikes-2023-6,2023-06-14
Business Insider,Max Adams,The housing market is so tight because 90% of homeowners locked in lower mortgage rates before last year's surge,https://markets.businessinsider.com/news/commodities/housing-market-mortgage-rates-low-inventory-listings-homes-for-sale-2023-6,2023-06-14
Business Insider,Lydia Ramsey Pflanzer,Uber is going toe-to-toe with Instacart in a bet that delivering groceries can cut healthcare costs by billions,https://www.businessinsider.com/uber-health-prescribing-food-as-medicine-2023-6,2023-06-14
Business Insider,Filip De Mott,"Bitcoin's dominance will almost double as regulators limit other cryptocurrencies, MicroStrategy's Michael Saylor says",https://markets.businessinsider.com/news/currencies/bitcoin-market-share-sec-regulators-cryptocurrencies-binance-microstrategy-michael-saylor-2023-6,2023-06-14
Business Insider,George Glover,Elon Musk says 'ESG is the devil' with tobacco firms trouncing Tesla in social-responsibility ratings,https://markets.businessinsider.com/news/stocks/elon-musk-tesla-stock-price-esg-tobacco-green-investing-twitter-2023-6,2023-06-14
Business Insider,Bianca Giacobone,"I came to the US 10 years ago as a refugee. I went to college, got my citizenship and now I drive a long-haul truck.",https://www.businessinsider.com/refugee-somalia-american-dream-trucker-trucking-long-haul-buying-house-2023-3,2023-06-14
Business Insider,Grace Dean,"A California taco restaurant hired a 'priest' to ask staff to confess to workplace 'sins' like arriving late, an ex-employee told the Department of Labor",https://www.businessinsider.com/california-restaurant-priest-staff-confess-workplace-sins-sacramento-employment-workers-2023-6,2023-06-14
Business Insider,Sawdah Bhaimiya,More women quit their jobs at India’s largest IT firm after it scrapped remote work,https://www.businessinsider.com/remote-work-scrapped-more-women-quit-jobs-indian-it-firm-2023-6,2023-06-14
Business Insider,Hasan Chowdhury,Google may be forced to break up its ad business after EU charges,https://www.businessinsider.com/google-faces-breakup-of-ad-business-after-eu-charges-2023-6,2023-06-14
Business Insider,Business Insider,"Today's Wordle: Hints and Answer for June 14, Wordle #725",https://www.businessinsider.com/todays-wordle-hints-answer-june-14-2023-6,2023-06-14
Business Insider,Sinéad Baker,Fox News chryon text called Biden a 'wannabe dictator' who got 'his political rival arrested' during broadcast of Trump's post-courtroom speech,https://www.businessinsider.com/fox-news-chyron-calls-biden-wannabe-dictator-after-trump-arraigned-2023-6,2023-06-14
Business Insider,Hasan Chowdhury,"Tucker Carlson ignores legal threat from Fox News and airs a new episode of his Twitter show, titled 'America's principles are at stake'",https://www.businessinsider.com/tucker-carlson-donald-trump-twitter-fox-news-threat-2023-6,2023-06-14
Business Insider,psyme@insider.com (Pete Syme),"OpenAI warned Microsoft not to rush the release of its Bing chatbot before it told users it loved them and wanted to be human, report says",https://www.businessinsider.com/openai-warned-microsoft-about-bing-release-that-prompted-bizarre-responses-2023-6,2023-06-14
Business Insider,ztayeb@businessinsider.com (Zahra Tayeb),"Top economist Mohamed El-Erian is excited about AI, saying the technology is an 'equalizer' - but warns overconsumption can cause havoc",https://markets.businessinsider.com/news/stocks/mohamed-el-erian-says-artificial-intelligence-equalizer-overconsumption-risk-2023-6,2023-06-14
Business Insider,Chris Johnston,Europe plans to put guardrails on ChatGPT and other AI apps,https://www.businessinsider.com/europe-plans-to-put-guardrails-on-chatgpt-other-ai-apps-2023-6,2023-06-14
Business Insider,Nathan Rennolds,"10 Things in Tech: Twitter 2.0, how to create with AI, and Reddit employees' swag warning",https://www.businessinsider.com/10-things-in-tech-twitter-musk-reddit-employees-swag-warning-2023-6,2023-06-14
Business Insider,Dan DeFrancesco,Financial advisors have met their match in TikTok,https://www.businessinsider.com/financial-advisors-fear-tiktok-gen-z-2023-6,2023-06-14
Business Insider,mguenot@businessinsider.com (Marianne Guenot),Striking pictures show the ISS crossing a sunspot big enough to swallow two Earths during a spacewalk,https://www.businessinsider.com/photos-iss-nasa-astronauts-spacewalk-sunspot-big-enough-swallow-earth-2023-6,2023-06-14
Business Insider,gglover@insider.com (George Glover),"Low housing supply could squeeze home prices up 5% in 2023 even though mortgage rates have spiked, Zillow economist says",https://markets.businessinsider.com/news/stocks/house-prices-low-home-supply-bubble-real-estate-investing-zillow-2023-6,2023-06-14
Business Insider,Zinya Salfiti,"Don't chase the rally in stocks because a recession is coming and current earnings estimates are too high, a Wells Fargo strategist says",https://markets.businessinsider.com/news/stocks/us-stocks-outlook-dont-chase-rally-recession-earnings-wells-fargo-2023-6,2023-06-14
Business Insider,Joshua Zitser,People are impersonating homeowners to take out mortgages and steal the money. Here are the best ways to stop it happening to you.,https://www.businessinsider.com/renters-impersonate-homeowners-mortgage-steal-money-how-to-stop-experts-2023-6,2023-06-14
Business Insider,madams@businessinsider.com (Max Adams),It's Fed Day. Here's what markets are eyeing as Powell gets ready to speak.,https://www.businessinsider.com/fomc-fed-meeting-interest-rates-prediction-pause-economy-recession-inflation-2023-6,2023-06-14
Business Insider,psyme@insider.com (Pete Syme),"Sam Altman made an OpenAI voice clone of Marc Benioff giving a JFK speech at a dinner meeting, and now the audio sample can't be located, reports say",https://www.businessinsider.com/sam-altman-made-ai-voice-clone-marc-benioff-jfk-speech-2023-6,2023-06-14
Business Insider,Molly Grace,"Today's Mortgage and Refinance Rates: June 14, 2023 | Rates Drop",https://www.businessinsider.com/personal-finance/best-mortgage-refinance-rates-today-wednesday-june-14-2023-6,2023-06-14
Business Insider,Linette Lopez,China’s economy is way more screwed than anyone thought,https://www.businessinsider.com/china-debt-economy-implode-stock-market-wall-street-xi-jinping-2023-6,2023-06-14
Business Insider,ztayeb@businessinsider.com (Zahra Tayeb),"The AI-fueled rally in US stocks is too narrow - and that's setting up the market for a 'digestion phase', Citi strategist says",https://markets.businessinsider.com/news/stocks/us-stocks-digestion-phase-artificial-intelligence-hype-drives-narrow-rally-2023-6,2023-06-14
Business Insider,htan@insider.com (Huileng Tan),Apple may be diversifying supply chains away from China — but it's still relying on the country's suppliers to build the Vision Pro headset,https://www.businessinsider.com/apple-china-vision-pro-mixed-reality-headset-supplier-supply-chain-2023-6,2023-06-14
Business Insider,tporter@businessinsider.com (Tom Porter),Putin hinted that Russia may launch another attack on Kyiv in an interview with war bloggers,https://www.businessinsider.com/putin-hinted-that-russia-launch-another-attack-on-kyiv-ukraine-2023-6,2023-06-14
Business Insider,Grace Mayer,Jack Dorsey worries Apple Vision Pro will turn us all into 'WALL-E' characters — glued to chairs and plugged into constant entertainment,https://www.businessinsider.com/jack-dorsey-apple-vision-pro-headsets-pixar-wall-e-2023-6,2023-06-14
Business Insider,George Glover,"Netflix's password-sharing crackdown could fuel a $20 billion valuation surge, Bank of America says",https://markets.businessinsider.com/news/stocks/netflix-stock-market-analysis-password-sharing-crackdown-bank-of-america-2023-6,2023-06-14
Business Insider,Al Yoon,"The top places for digital nomads are miles from the hottest Zoomtowns. Cities in the Midwest and West have an advantage on rents, restaurants, and transportation.",https://www.businessinsider.com/the-top-us-11-cities-for-digital-nomads-2023-6,2023-06-14
Business Insider,Fidel Contreras,"I got a job at Amazon without a college degree. 5 years later, I lead an AWS team, bought a home, and have zero student debt.",https://www.businessinsider.com/amazon-job-without-college-degree-lead-aws-team-2023-6,2023-06-14
Business Insider,insider@insider.com (Lina Batarags),Bezos is back at it with another hot yacht summer,https://www.businessinsider.com/jeff-bezos-yacht-photos-lauren-sanchez-portofino-2023-6,2023-06-14
Business Insider,Reena Koh,A political drama series on Netflix has sparked a #MeToo wave in Taiwan,https://www.businessinsider.com/taiwanese-netflix-hit-series-sparks-metoo-taiwan-sexual-harassment-2023-6,2023-06-14
Business Insider,mloh@insider.com (Matthew Loh),Jack Dorsey said India raided the homes of Twitter employees when the company wouldn't shut down accounts for the government,https://www.businessinsider.com/jack-dorsey-india-raided-homes-of-twitter-workers-ban-refusals-2023-6,2023-06-14
Business Insider,Huileng Tan,Russia lost so much money due to the Ukraine war that it now aims to raise $4 billion by slapping a windfall tax on its oligarchs,https://www.businessinsider.com/russia-ukraine-war-oligarchs-raise-billions-by-slapping-windfall-tax-2023-6,2023-06-14
Business Insider,Matthew Loh,"Putin admits Russia doesn't have enough drones, warplanes, and ammunition for the war in Ukraine, even though it's been rushing military production all year",https://www.businessinsider.com/putin-admits-russia-doesnt-have-enough-drones-warplanes-ammo-2023-6,2023-06-14
Business Insider,Kwan Wei Kevin Tan,Trump says he'll have a 'great birthday' even though it'll be a weird one considering he 'just got charged' and faces '400 years' in prison,https://www.businessinsider.com/trump-great-birthday-400-years-prison-2023-6,2023-06-14
Business Insider,insider@insider.com (Lauren Steussy),"One family ditched California for an Indiana town that offered them $5,000 cash, an unlimited golf membership, and coffee with the mayor",https://www.businessinsider.com/where-are-people-moving-from-california-going-indiana-town-5000-2023-6,2023-06-14
Business Insider,kleonard@insider.com (Kimberly Leonard),I was one of the reporters covering Trump's federal arraignment. We left our computers and cell phones behind during the unprecedented news event.,https://www.businessinsider.com/inside-trump-first-ever-federal-indictment-of-former-president-2023-6,2023-06-14
Business Insider,rkoh@insider.com (Reena Koh),"Young people in China are giving up high-paying jobs to become baristas and waiters, and they're talking about it online",https://www.businessinsider.com/china-millennial-ditch-white-collar-jobs-cashier-barista-work-2023-6,2023-06-14
Business Insider,Lauren Steussy,Russian pundits are blaming the rain for Ukrainian advances,https://www.businessinsider.com/russian-pundits-are-blaming-the-rain-for-ukrainian-advances-2023-6,2023-06-13
Business Insider,ericadomena@gmail.com (Erica Star Domena),Trump pleads 'not guilty' in classified documents arraignment,https://www.businessinsider.com/trump-pleads-not-guilty-in-classified-documents-arraignment-2023-6,2023-06-13
Business Insider,Chris Kaye,'Never-again Trumper' Paul Ryan says it's getting easier to convince die-hard supporters that Trump is 'not electable',https://www.businessinsider.com/paul-ryan-says-trump-is-not-electable-2023-6,2023-06-13
Business Insider,Julie Bort,Oracle is betting its AI future on a company called Cohere. Here's why this little-known startup is becoming OpenAI's chief rival.,https://www.businessinsider.com/oracle-chooses-cohere-ai-startup-best-alternative-openai-2023-6,2023-06-13
Business Insider,"Chris Panella,Jessica Orwig","A brilliant cosmic burst 100 times as bright as our galaxy came from 2 black holes circling each other, study finds",https://www.businessinsider.com/huge-cosmic-burst-two-circling-black-holes-study-2023-6,2023-06-13
Business Insider,"Harlan Vaughn,Angela Fung",Best American Express Business Cards of June 2023,https://www.businessinsider.com/personal-finance/best-american-express-business-card,2023-06-13
Business Insider,hpeterson@businessinsider.com (Hayley Peterson),A Walmart shopper said a police officer kneeled on his neck during a receipt check over a frozen pizza,https://www.businessinsider.com/walmart-shopper-pinned-during-receipt-check-police-disciplined-2023-6,2023-06-13
Business Insider,hlangley@insider.com (Hugh Langley),Google's Bard chatbot has been blocked in the European Union over privacy concerns,https://www.businessinsider.com/google-bard-chatbot-blocked-in-the-eu-postponed-rollout-2023-6,2023-06-13
Business Insider,fdemott@insider.com (Filip De Mott),"Treasury Secretary Janet Yellen says to expect a gradual decline in the dollar's share of global reserves, but greenback remains dominant",https://markets.businessinsider.com/news/currencies/dedollarization-dollar-dominance-janet-yellen-usd-global-reserve-share-decline-2023-6,2023-06-13
Business Insider,tparadis@insider.com (Tim Paradis),Part of the secret to Austin's thriving clean-tech startup scene: mentorship,https://www.businessinsider.com/austins-clean-tech-startup-scene-benefits-from-mentorship-2023-6,2023-06-13
Business Insider,Paul Squire,Fox News thought this was Melania at Trump's court appearance. It's actually his 27-year-old spokeswoman.,https://www.businessinsider.com/margo-martin-confused-for-melania-trump-fox-news-court-indictment-2023-6,2023-06-13
Business Insider,"Bartie Scott,Andy Kiersz",Pay raises just caught up with inflation for the first time in 2 years,https://www.businessinsider.com/wage-growth-faster-than-inflation-first-time-2-years-2023-6,2023-06-13
Business Insider,Sam Fellman,The US is sending Ukraine more explosives to blast obstacles like these in Russian defenses,https://www.businessinsider.com/us-sends-ukraine-explosives-to-blast-russian-defensive-obstacles-2023-6,2023-06-13
Business Insider,Alistair Barr,Nvidia GPUs are so hard to get that rich venture capitalists are buying them for the startups they invest in,https://www.businessinsider.com/nvidia-gpu-venture-capitalists-buying-for-startups-2023-6,2023-06-13
Business Insider,Jennifer Sor,"Oil prices are facing a 'battle royale' between Saudi Arabia and the Federal Reserve, Bank of America says",https://markets.businessinsider.com/news/commodities/oil-price-outlook-saudi-arabia-fed-battle-royale-bank-of-america-2023-6,2023-06-13
Business Insider,psquire@insider.com (Paul Squire),Reddit CEO warns employees not to wear Reddit swag in public as users revolt,https://www.businessinsider.com/reddit-blackout-ceo-steve-huffman-memo-employees-reddit-swag-2023-6,2023-06-13
Business Insider,Jason Ma,Millionaires are fleeing China at a faster pace as the post-COVID economic rebound fizzles,https://markets.businessinsider.com/news/stocks/china-economy-millionaire-exodus-high-net-worth-migration-covid-rebound-2023-6,2023-06-13
Business Insider,Ashley Rodriguez,"Netflix reportedly is plotting its first live sports event, a celebrity golf tournament that could redeem the streamer after its 'Love Is Blind' livestreaming debacle",https://www.businessinsider.com/netflix-exploring-live-sports-after-love-is-blind-reunion-debacle-2023-6,2023-06-13
Business Insider,Eugene Kim,A leaked document of Amazon's ideas for using ChatGPT and AI at work list 67 ways to take advantage of the ChatGPT boom,https://www.businessinsider.com/leaked-amazon-document-employees-ideas-to-use-ai-chatbot-2023-6,2023-06-13
Business Insider,"Taylor Berman,Insider staff",Trump just pleaded not guilty to the 37-count indictment against him. Here's what happens next.,https://www.businessinsider.com/trump-mar-a-lago-records-case-indictment-what-happens-next-2023-6,2023-06-13
Business Insider,"Paul Squire,Ryan Pickrell",Putin appeared to literally turn his back on his loyal defense minister on Russian state TV,https://www.businessinsider.com/putin-turns-back-on-loyal-russian-defense-minister-state-tv-2023-6,2023-06-13
Business Insider,Julie Bort,"Oracle's biggest critic, Goldman Sachs, admits it was wrong about rating the stock a sell",https://www.businessinsider.com/oracles-biggest-critic-goldman-sachs-admits-it-was-wrong-2023-6,2023-06-13
Business Insider,"kleonard@insider.com (Kimberly Leonard,Insider staff)",Trump surrenders for his arraignment in blockbuster Miami federal court appearance,https://www.businessinsider.com/donald-trump-arrested-plea-indictment-federal-court-2023-6,2023-06-13
Business Insider,Ryan Pickrell,"Russian military leaders can't seem to get Wagner and its boss, Prigozhin, to fall in line, and it's a mess that goes beyond dysfunction",https://www.businessinsider.com/russian-military-cant-control-wagner-and-its-a-big-problem-2023-6,2023-06-13
Business Insider,Chloe A. Moore,5 things I learned from my first renters insurance claim that I wish every renter knew,https://www.businessinsider.com/personal-finance/first-renters-insurance-claim-lessons-2023-6,2023-06-13
Business Insider,rharrington@insider.com (Rebecca Harrington),Rare photos show a pod of orcas swimming 40 miles off the coast of Massachusetts,https://www.businessinsider.com/orcas-swim-near-nantucket-massachusetts-photos-2023-6,2023-06-13
Business Insider,insider@insider.com (Mariette Williams),"5 thoughtful ways to entertain clients on your next business trip, even if the city is new to you",https://www.businessinsider.com/thoughtful-ways-entertain-clients-business-trip-2022-6,2023-06-13
Business Insider,Gloria Dawson,Uber and DoorDash warn of huge changes when New York City adopts its new $18 minimum wage for delivery workers,https://www.businessinsider.com/uber-doordash-blast-nyc-minimum-wage-for-food-delivery-workers-2023-6,2023-06-13
Business Insider,Jennifer Sor,Goldman Sachs raises its S&P 500 price target for the year as AI booms and the 2023 rally broadens out beyond biggest tech names,https://markets.businessinsider.com/news/stocks/stock-market-outlook-sp500-goldman-sachs-artificial-intelligence-tech-bubble-2023-6,2023-06-13
Business Insider,Nathan McAlone,"A baby born the day 'Avatar' was released will be able to legally drink in the US by the time the final movie comes out, as Disney delays the sequels yet again",https://www.businessinsider.com/avatar-3-movie-sequels-release-dates-schedule-after-disney-delay-2023-6,2023-06-13
Business Insider,Filip De Mott,Rents drop by the most since March 2020 as landlords see their leverage over the housing market wane,https://markets.businessinsider.com/news/stocks/rent-price-renters-housing-market-supply-demand-homebuilding-inventory-landlords-2023-6,2023-06-13
Business Insider,Jen Glantz,3 reasons why I don't mind locking my money in a CD for a year — starting with an APY of 4.75%,https://www.businessinsider.com/personal-finance/why-my-money-locked-in-cds-2023-6,2023-06-13
Business Insider,Max Adams,"Home prices are set to tumble in the 2nd half of 2023 as mortgage rates rebound and the economy slows, economists say",https://markets.businessinsider.com/news/commodities/home-price-outlook-2nd-half-declines-affordability-mortgage-rates-rebound-2023-6,2023-06-13
Business Insider,"Dave Johnson,Steven Cohen","How to log into Peacock on a computer or mobile device, and what to do if you can't log in",https://www.businessinsider.com/guides/streaming/peacock-login,2023-06-13
Business Insider,Edith Honan,Someone brought a severed pig's head to the Miami courthouse where Trump is due to appear on Espionage Act charges,https://www.businessinsider.com/someone-brought-pigs-head-to-trumps-court-appearance-in-miami-2023-6,2023-06-13
Business Insider,Zachary Tracer,A 53-year-old biotech investor is set to be replaced by a 32-year-old exec on Biogen's board. No one disclosed that the new board member is his girlfriend and the mother of his child.,https://www.businessinsider.com/biogen-board-susan-langer-alex-denner-2023-6,2023-06-13
Business Insider,Max Adams,Markets think that a Fed pause on rate hikes is a sure thing after CPI shows inflation falling further in May,https://markets.businessinsider.com/news/stocks/inflation-may-cpi-fed-pause-rate-hikes-interest-rates-futures-2023-6,2023-06-13
Business Insider,Jack Sommers,"How to create with AI, including art, music, and writing, according to people who've written songs, stories, and letters",https://www.businessinsider.com/how-to-create-with-ai-art-music-writing-chatgpt-dall-e-2-2023-6,2023-06-13
Business Insider,Associated Press,"Don't send checks through the mail, the post office is warning. Criminals are stealing more than ever.",https://www.businessinsider.com/post-office-check-fraud-mailing-be-careful-usps-scam-2023-6,2023-06-13
Business Insider,Madeline Berg,This is about to be the summer of Tom Cruise — again,https://www.businessinsider.com/summer-tom-cruise-top-gun-mission-impossible-seven-china-movies-2023-6,2023-06-13
Business Insider,Jeffrey Cane,Why some Goldman Sachs partners continue to be unhappy with CEO David Solomon,https://www.businessinsider.com/goldman-sachs-david-solomon-partners-revolt-2023-6,2023-06-13
Business Insider,Jason Ma,Oil prices jump as China looks to kickstart its economy while Wall Street eyes Fed pause,https://markets.businessinsider.com/news/commodities/crude-price-today-oil-china-central-bank-growth-fed-pause-2023-6,2023-06-13
Business Insider,insider@insider.com (Mandoline Rutkowski),Inside the UK training camp where Ukrainians learn to destroy Russian tanks and survive on the battlefield,https://www.businessinsider.com/ukrainian-soldiers-train-at-british-military-academies-2023-6,2023-06-13
Business Insider,grapier@businessinsider.com (Graham Rapier),Tesla's charging deals with GM and Ford have charging rivals scrambling to keep up,https://www.businessinsider.com/tesla-charging-rivals-make-changes-after-ford-gm-deals-2023-6,2023-06-13
Business Insider,sbaker@insider.com (Sinéad Baker),"Russia's defense ministry is pressuring volunteer brigades fighting in Ukraine to fall under its command, but at least one is resisting",https://www.businessinsider.com/russia-mod-pressuring-volunteers-in-ukraine-fall-under-its-command-2023-6,2023-06-13
Business Insider,jsor@insider.com (Jennifer Sor),China slashes interest rates and mulls big stimulus package in bid to revive slowing economy,https://markets.businessinsider.com/news/stocks/china-economy-stimulus-package-interest-rates-factory-real-estate-demand-2023-6,2023-06-13
Business Insider,jsommers@insider.com (Jack Sommers),"What it's like to work with a billionaire, according to ex-colleagues of Elon Musk, Jeff Bezos, Bill Gates, and Sara Blakely",https://www.businessinsider.com/what-its-like-working-with-billionaires-elon-musk-jeff-bezos-2023-6,2023-06-13
Business Insider,jswearingen@insider.com (Jake Swearingen),Gavin Newsom calls Ron DeSantis' migrant flights 'pathetic' bid for attention after his campaign 'belly flopped',https://www.businessinsider.com/newsom-ron-desantis-is-pathetic-campaign-has-belly-flopped-2023-6,2023-06-13
Business Insider,horecchio@businessinsider.com (Haven Orecchio-Egresitz),Suspect in Cash App founder Bob Lee's killing was suspected of stabbing 2 teens in 2005,https://www.businessinsider.com/suspect-bob-lee-killing-suspected-stabbing-two-teens-in-2005-2023-6,2023-06-13
Business Insider,Filip De Mott,Russia revives oil exports to North Korea as US sounds alarm on more arms sales for Ukraine war,https://markets.businessinsider.com/news/commodities/russia-oil-exports-sanctions-north-korea-ukraine-war-weapons-putin-2023-6,2023-06-13
Business Insider,Nathan McAlone,HBO's 'The Idol' sees viewership dip as it delivers 'the worst sex scene in history',https://www.businessinsider.com/hbo-the-idol-viewership-dip-worst-sex-scene-in-history-2023-6,2023-06-13
Business Insider,Chris Panella,Russia put out a video claiming its forces captured prized German-made Leopard tanks and US fighting vehicles in Ukraine,https://www.businessinsider.com/russia-releases-video-captured-german-leopard-tanks-us-vehicles-ukraine-2023-6,2023-06-13
Business Insider,"Kieran Corcoran,Mia Jankowicz","Russia's Lancet drone is hampering Ukraine's counteroffensive, smashing Western gear and exposing poor air defenses",https://www.businessinsider.com/russia-lancet-drone-hampering-ukraine-exposing-poor-air-defenses-2023-6,2023-06-13
Business Insider,Josée Rose,Applying for a job? These are the things an employer might dig into about your background.,https://www.businessinsider.com/job-application-background-checks-employment-history-drug-screening-2023-6,2023-06-13
Business Insider,Theron Mohamed,"The stock rally will end soon, recession will hit, and the Fed won't hike interest rates again, markets guru Jeremy Siegel predicts",https://markets.businessinsider.com/news/stocks/stock-bull-market-outlook-spx-recession-fed-hikes-jeremy-siegel-2023-6,2023-06-13
Fortune,Kathy Roth-Douquet,Military spouses are the first casualties of licensing red tape as they stop practicing the professions that society desperately needs,https://fortune.com/2023/06/14/military-spouses-licensing-red-tape-stop-practicing-professions-society-desperately-needs-labor-shortage-careers-politics/,2023-06-14
Fortune,Orianna Rosa Royle,Arnold Schwarzenegger reveals how he turned his side hustle into his career,https://fortune.com/2023/06/14/arnold-schwarzenegger-entrepreneur-advice-side-hustle/,2023-06-14
Fortune,Chris Morris,The PGA leader who initially urged golfers to turn down Saudi millions and raised links to 9/11 is now 'recuperating from a medical situation' one week after announcing a merger with the LIV,https://fortune.com/2023/06/14/pga-tour-commissioner-takes-medical-leave-liv-golf-merger-saudi-arabia/,2023-06-14
Fortune,Chloe Taylor,Working mom’s email signature response to a ‘snippy’ message perfectly captured the reality for moms across America,https://fortune.com/2023/06/14/meg-st-esprit-viral-email-signature-us-childcare-problem-working-moms/,2023-06-14
Fortune,Christiaan Hetzner,Bud Light dethroned as U.S. favorite beer despite Garth Brooks support,https://fortune.com/2023/06/14/bud-light-beer-boycott-garth-brooks-country-music-nashville-anheuser-busch/,2023-06-14
Fortune,Nick Lichtenberg,All 5 meerkats at the Philadelphia Zoo just dropped dead and officials think humans accidentally poisoned them,https://fortune.com/2023/06/14/meerkats-philadelphia-zoo-dead-accidental-poisoning/,2023-06-14
Fortune,"Jill Lawless, The Associated Press",Europe's most expensive painting ever? Klimt's 'Lady with a Fan' going up for auction at $80 million starting price,https://fortune.com/2023/06/14/gustav-klimt-painting-lady-with-fan-auction-sothebys-80-million/,2023-06-14
Fortune,The Associated Press,One of the least valuable NHL teams just sold for nearly $1 billion,https://fortune.com/2023/06/14/ottawa-senators-acquired-canadian-businessman-michael-andlauer-nhl-hockey/,2023-06-14
Fortune,"Christopher Rugaber, The Associated Press",The Fed is likely to 'skip' and not 'pause' a rate hike because Jerome Powell can't get his 18-member committee to agree,https://fortune.com/2023/06/14/why-federal-reserve-interest-rate-hikes-skip-not-pause-inflation/,2023-06-14
Fortune,"Jeffrey Sonnenfeld, Steven Tian",Vivek Ramaswamy is threatening GOP heavyweights in the polls–but his business record doesn't live up to the hype,https://fortune.com/2023/06/14/vivek-ramaswamy-is-threatening-gop-heavyweights-in-the-polls-but-his-business-record-doesnt-live-up-to-the-hype/,2023-06-14
Fortune,"Paul Wiseman, The Associated Press","Inflation metrics keep dropping, as wholesale prices drop 0.3% in May",https://fortune.com/2023/06/14/wholesale-inflation-drops-0-3-percent-may-producer-prices/,2023-06-14
Fortune,"Sue Major Holmes, Hillel Italie, The Associated Press","Cormac McCarthy, Pulitzer-winning novelist indifferent to success, dead at 89: 'As far as many, many people reading it, so what?'",https://fortune.com/2023/06/14/cormac-mccarthy-obituary-dead-89-novelist-pulitzer-country-old-men/,2023-06-14
Fortune,Chloe Taylor,A.I. company raises record $113 million just a month after being founded—despite having no product ready and only just hiring staff,https://fortune.com/2023/06/14/mistral-ai-startup-record-113-million-seed-round-arthur-mensch/,2023-06-14
Fortune,David Meyer,Google hit with fresh EU antitrust charges over alleged adtech abuses,https://fortune.com/2023/06/14/google-eu-antitrust-adtech-adx-dfp-vestager/,2023-06-14
Fortune,Orianna Rosa Royle,Americans now think you need at least $2.2M to be rich,https://fortune.com/2023/06/14/charles-schwab-2023-modern-wealth-survey-how-much-do-americans-need-to-be-rich/,2023-06-14
Fortune,Leo Schwartz,Connext Labs raises $7.5 million at $250 million valuation to build the 'HTTP of Web3',https://fortune.com/crypto/2023/06/14/connext-labs-raises-web3-polychain/,2023-06-14
Fortune,Ben Weiss,Salesforce Ventures leads $6 million round for Web3 data analytics firm Mnemonic,https://fortune.com/crypto/2023/06/14/salesforce-ventures-leads-6-million-round-for-web3-data-analytics-firm-mnemonic/,2023-06-14
Fortune,"Niclas Rolander, Bloomberg",Sweden's economy may be experiencing the 'Beyoncé blip',https://fortune.com/2023/06/14/beyonce-renaissance-world-tour-drives-sweden-inflation-above-forecast/,2023-06-14
Fortune,Nicholas Gordon,"More millionaires are expected to leave China this year than any other country, as the end of COVID-zero allows them to finally relocate",https://fortune.com/2023/06/14/china-millionaires-leaving-migration-common-prosperity-henley-partners-private-wealth/,2023-06-14
Fortune,"Tero Ojanpera, Timo Vuori, Quy Nguyen Huy","A.I. researchers: ‘If we want A.I. to be good, we must nurture it like we would a child’",https://fortune.com/2023/06/14/ai-good-nurture-it-like-we-would-a-child-tech/,2023-06-14
Fortune,"Susan Montoya Bryan, The Associated Press",Prosecutors in Alec Baldwin case say ‘Rust’ movie weapons expert was hungover on set,https://fortune.com/2023/06/14/prosecutors-alec-baldwin-case-rust-movie-weapons-expert-hannah-gutierrez-reed-hungover-set/,2023-06-14
Fortune,Alexa Mikhail,The winning city from Fortune's Best Places to Live for Families list is offering its residents $200 to get to know their neighbors,https://fortune.com/well/2023/06/14/fortune-best-places-families-neighbors-cambridge/,2023-06-14
Fortune,Alexa Mikhail,We are in a loneliness epidemic. Where you live can make a difference for your health and happiness,https://fortune.com/well/2023/06/14/best-places-for-families-2023/,2023-06-14
Fortune,"Jennifer Peltz, The Associated Press",Entrepreneur who promoted ‘orgasmic meditation’ as route to woman’s health pleads not guilty,https://fortune.com/2023/06/14/nicole-daedone-onetaste-entrepreneur-promoted-orgasmic-meditation-route-woman-health-pleads-not-guilty-forced-labor-case/,2023-06-14
Fortune,Leo Schwartz,How Binance's 'extensive web of deception' could lead to DOJ charges against the world's largest crypto exchange—and its enigmatic founder,https://fortune.com/crypto/2023/06/14/binance-web-deception-doj-charges-crypto-exchange-cz/,2023-06-14
Fortune,The Associated Press,Judge temporarily blocks Microsoft’s $69 billion Activision Blizzard deal,https://fortune.com/2023/06/14/judge-temporarily-blocks-microsoft-69-billion-activision-blizzard-deal-ftc-sues-antitrust-restraining-order/,2023-06-14
Fortune,"Sohee Kim, Shinhye Kang, Bloomberg",Samsung jumps on 4-day workweek bandwagon as it gives staff one Friday off each month,https://fortune.com/2023/06/14/samsung-4-day-workweek-bandwagon-gives-staff-one-friday-off-each-month-bid-retain-talent/,2023-06-14
Fortune,"Dee-Ann Durbin, The Associated Press",Starbucks denies accusations it's banned Pride displays in stores amid backlash against Target and Bud Light for supporting LGBTQ+ causes,https://fortune.com/2023/06/13/starbucks-pride-month-displays-union/,2023-06-14
Fortune,"Ben Finley, The Associated Press",Teacher who sued her school district for $40 million over 6-year-old shooting her has resigned,https://fortune.com/2023/06/13/school-teacher-shot-by-6-year-old-student-virginia-resigned/,2023-06-13
Fortune,Rachel Shin,"Microsoft, the same company helping mainstream A.I. ‘hallucinations,’ is putting forward a media literacy ‘Trust Project’ to fight disinformation",https://fortune.com/2023/06/13/microsoft-chatgpt-news-literacy-trust-project/,2023-06-13
Fortune,Will Daniel,"Wall Street's biggest bull called this year's stock market rally—now instead of a recession, he says ‘the economy is actually slipping into an expansion’",https://fortune.com/2023/06/13/wall-street-bull-says-economy-expansion-not-recession-tom-lee/,2023-06-13
Fortune,Ivana Pino,How the federal funds rate impacts your investments,https://fortune.com/recommends/investing/how-fed-rate-hikes-impact-stocks-crypto-and-other-investments/,2023-06-13
Fortune,"Jake Coyle, The Associated Press",Disney just delayed the third 'Avatar' movie by a full year to December 2025,https://fortune.com/2023/06/13/disney-delays-avatar-3-to-2025-star-wars-release-2026/,2023-06-13
Fortune,Alena Botros,Commercial real estate troubles are so pronounced that Goldman Sachs’ CEO says even a soft landing won’t prevent pain,https://fortune.com/2023/06/13/pains-awaits-commercial-real-estate-office-space-says-goldman-sachs-ceo/,2023-06-13
Fortune,L'Oreal Thompson Payton,"How much does it cost to have a baby? The answer is wildly different, depending on where you live",https://fortune.com/well/2023/06/13/cost-of-giving-birth-by-state/,2023-06-13
Fortune,Nick Lichtenberg,"Fox News is trying to kick Tucker Carlson off Twitter, reports say",https://fortune.com/2023/06/13/fox-news-tucker-carlson-twitter-cease-desist-elon-musk/,2023-06-13
Fortune,Marco Quiroz-Gutierrez,Apple threatens to remove Web3 social network Damus from App Store if it doesn’t end Bitcoin tipping,https://fortune.com/crypto/2023/06/13/apple-web3-social-network-damus-app-store-bitcoin-tipping/,2023-06-13
Fortune,Alexa Mikhail,Uber expands their health division to include grocery and OTC medication delivery,https://fortune.com/well/2023/06/13/uber-health-grocery-medication-delivery/,2023-06-13
Fortune,Chloe Berger,"America has failed millennials so badly they're turning to $1,000-per-month side hustles to make ends meet",https://fortune.com/2023/06/13/millennials-earning-1000-month-side-hustles/,2023-06-13
Fortune,Rachel Shin,"A.I. makes workers feel so isolated and conflicted that it’s driving them to drink and suffer from insomnia, study finds",https://fortune.com/2023/06/13/a-i-workers-isolated-alcohol-drinking-insomnia-study/,2023-06-13
Fortune,Will Daniel,The ‘bond kings’ Bill Gross and Jeffrey Gundlach made billions with their computer-like market knowledge. Now BondGPT is here to ‘inform and expedite vital pricing decisions’,https://fortune.com/2023/06/13/bondgpt-artificial-intelligence-finance-bond-kings-bill-gross-jeffrey-gundlach/,2023-06-13
Fortune,Erin Prater,Most women diagnosed with early stage breast cancer will become long-term survivors: 'Their prognosis has improved so much',https://fortune.com/well/2023/06/13/breast-cancer-survival-rates-prognosis-significantly-improved-bmj-uk-study/,2023-06-13
Fortune,Alicia Adamczyk,"Only half of the women who are out-earning their husbands are taking the lead on household expenses, UBS says",https://fortune.com/2023/06/13/female-breadwinners-rising-ubs-report/,2023-06-13
Fortune,Will Daniel,Is falling inflation a 'feather in the cap for the Fed' or a false dawn? That depends on which economist you ask,https://fortune.com/2023/06/13/is-inflation-defeated-economy-soft-landing-may-cpi-economists-split/,2023-06-13
Fortune,Brandon Davenport,Shopify’s head of equitable commerce: 'Unsustainable marketing moments hurt Black entrepreneurs. Here’s why,https://fortune.com/2023/06/13/shopifys-head-of-equitable-commerce-heres-why-unsustainable-marketing-moments-are-hurting-black-entrepreneurs-brandon-davenport/,2023-06-13
Fortune,Marco Quiroz-Gutierrez,Going to golf's U.S. Open? You can can get a limited-edition NFT from Amex,https://fortune.com/crypto/2023/06/13/amex-launches-proof-of-attendance-nfts-us-open/,2023-06-13
Fortune,Chris Morris,"Bill Gates falls another notch on the world’s billionaire list, as AI takes Larry Ellison higher",https://fortune.com/2023/06/13/larry-ellison-fourth-richest-person-billionaires-bill-gates-ai/,2023-06-13
Fortune,Marco Quiroz-Gutierrez,eToro to delist 4 cryptocurrencies named as securities in SEC lawsuits,https://fortune.com/crypto/2023/06/13/etoro-to-delist-four-cryptocurrencies-named-securities-by-sec/,2023-06-13
Fortune,Chloe Taylor,Goldman Sachs CEO sees ‘bumps and pain’ for real estate,https://fortune.com/2023/06/13/david-solomon-goldman-sachs-ceo-real-estate-soft-landing-us-recession/,2023-06-13
Fortune,Chris Morris,High-tech pizza company that raised nearly $500 million and would cook a pie in transit is reportedly broke,https://fortune.com/2023/06/13/zume-pizza-insolvent-softbank-venture-capital-restructuring-san-francisco/,2023-06-13
Fortune,Orianna Rosa Royle,Hidden LinkedIn tool tells your dream company you’re interested in a job,https://fortune.com/2023/06/13/new-linkedin-tool-tells-hiring-managers-you-are-interested-in-a-job/,2023-06-13
Fortune,The Associated Press,"Treat Williams, versatile actor with nearly 50 years of credits, dies at 71 in motorcycle crash in Vermont",https://fortune.com/2023/06/13/treat-williams-obituary-dead-71-vermont-motorcycle-crash-actor/,2023-06-13
Fortune,Chris Morris,The price of eggs just fell the most of any year since 1951,https://fortune.com/2023/06/13/egg-price-punge-inflation-may-2023-consumer-price-index-cpi/,2023-06-13
Fortune,Jane Thier,The CEO who manages the world’s biggest sovereign wealth fund says ‘force yourself’ to use A.I.,https://fortune.com/2023/06/13/nicolai-tangen-ai-development-skills-leaders/,2023-06-13
Fortune,"Kirsten Grieshaber, The Associated Press","Bavaria's state bank has to return a classic Kandinsky painting to the Jewish family that owned it until 1940, German commission rules",https://fortune.com/2023/06/13/kandinsky-painting-jewish-family-heirs-bavaria-state-bank-bayerische-landesbank/,2023-06-13
Fortune,Christiaan Hetzner,Mark Cuban pushes back on Bud Light controversy,https://fortune.com/2023/06/13/bud-light-dylan-mulvaney-boycott-shark-tank-mark-cuban/,2023-06-13
Fortune,The Associated Press,Paul McCartney says A.I. helped give the world 'the last Beatles record' by extracting John Lennon's voice from an old demo,https://fortune.com/2023/06/13/paul-mccartney-last-beatles-record-ai-artificial-intelligence-john-lennon-voice/,2023-06-13
Fortune,"Christopher Rugaber, The Associated Press","Inflation cools in May, reflecting a steady slowdown",https://fortune.com/2023/06/13/inflation-cools-may-cpi-consumer-price-index-report-economy-recession/,2023-06-13
Fortune,Lance Lambert,Capital Economics: Pause in home price declines to 'prove temporary'',https://fortune.com/2023/06/13/home-price-declines-and-housing-market-correction-to-return-says-capital-economics/,2023-06-13
Fortune,George Gerchow,Return-to-office surveys don’t work–and companies are overlooking the data that really matters,https://fortune.com/2023/06/13/return-to-office-surveys-dont-work-and-companies-are-overlooking-the-data-that-really-matters/,2023-06-13
Fortune,Chloe Taylor,Disgraced Theranos founder Elizabeth Holmes says she can’t afford to pay $250-a-month restitution after serving her prison term,https://fortune.com/2023/06/13/elizabeth-holmes-theranos-cant-afford-restitution-after-prison-term/,2023-06-13
Fortune,Orianna Rosa Royle,Musk’s new Twitter CEO Linda Yaccarino issues first rallying cry to employees,https://fortune.com/2023/06/13/elon-musk-twitter-ceo-linda-yaccarino-staff-memo-email/,2023-06-13
Fortune,Eleanor Pringle,Parents financially supporting their adult children are ruining their retirements and raiding their savings,https://fortune.com/2023/06/13/parents-financially-supporting-adult-children-ruining-retirements-raiding-savings/,2023-06-13
Fortune,"Andrew Selsky, Gene Johnson, The Associated Press",Warren Buffett’s Berkshire Hathaway may be on the hook for billions for devastating Oregon wildfires,https://fortune.com/2023/06/13/warren-buffett-berkshire-hathaway-pacificorp-jury-lawsuit-billions-devastating-oregon-wildfires/,2023-06-13
Fortune,Vijay Pande,"A.I. fear-mongering won't make the world a better place, but a less hopeful one",https://fortune.com/2023/06/13/ai-fearmongering-make-the-world-a-better-place-tech-politics-vijay-pande/,2023-06-13
Fortune,Nicholas Gordon,Toyota’s board chair loses support from U.S. funds like CalPERS over slow embrace of EVs,https://fortune.com/2023/06/13/akio-toyoda-toyota-board-chair-shareholder-meeting-ev-electric-car/,2023-06-13
Fortune,Ben Weiss,Solana survived Sam Bankman-Fried. Can it survive Gary Gensler?,https://fortune.com/crypto/2023/06/13/solana-sam-bankman-fried-ftx-gary-gensler-sec-security-lawsuits-binance-coinbase/,2023-06-13
Fortune,Prarthana Prakash,"The 4-day workweek will finally arrive thanks to A.I., Jefferies says—You’ll just need a ‘human day’ to cope with digital overload",https://fortune.com/2023/06/13/remote-work-4-day-workweek-ai-artificial-intelligence-jefferies-predictions/,2023-06-13
Fortune,"Brendan H. O'Connor, The Conversation",Forget the ChatGPT 'doom-hype cycle.' Evidence shows humans are just as unoriginal when it comes to language.,https://fortune.com/2023/06/13/chatgpt-like-human-language-robots-linguistics-artificial-intelligence/,2023-06-13
Fortune,"Ken Sweet, The Associated Press",Check fraud has gotten so rampant that postal officials are warning Americans to avoid mailing checks,https://fortune.com/2023/06/13/check-fraud-rampant-postal-officials-warning-americans-avoid-mailing-checks/,2023-06-13
Fortune,Eleanor Pringle,This is the most cringeworthy jargon you need to stop using in the office,https://fortune.com/2023/06/13/most-cringeworthy-jargon-stop-using-in-office-no-one-understands-it/,2023-06-13
Fortune,Jeff John Roberts,SEC’s Gensler seen telling hedge funds that Ethereum and Litecoin are ‘not securities’ in 2018 video,https://fortune.com/crypto/2023/06/12/gensler-video-ethereum-litecoin-not-securities/,2023-06-13
Fortune,Rakesh Kumar,The chip industry can't keep up with the A.I. revolution,https://fortune.com/2023/06/12/computer-chips-ai-computing-power-innovation-rakesh-kumar/,2023-06-13
Fortune,"Lucas Shaw, Bloomberg",Pat Sajak will retire from ‘Wheel of Fortune’ next year after a more than 4-decade spin as host,https://fortune.com/2023/06/12/wheel-of-fortune-pat-sajak-to-retire-next-year/,2023-06-12
Fortune,"John Gittelsohn, Bloomberg",San Francisco's commercial real estate apocalypse worsens after the owner of the city's marquee downtown mall defaults,https://fortune.com/2023/06/12/san-francisco-commercial-real-estate-apocalypse-westfield-center/,2023-06-12
Fortune,"Edith M. Lederer, The Associated Press",UN chief terrified of AI becoming a 'monster' of hate and lies because tech firms care more about engagement than human rights,https://fortune.com/2023/06/12/united-nations-ai-regulation-artificial-intelligence-tech-firms-engagement/,2023-06-12
Fortune,"Hillel Italie, The Associated Press","'Eat Pray Love' author Elizabeth Gilbert backtracks on 'regrettable' decision to set new novel in Russia, cancels book entirely",https://fortune.com/2023/06/12/eat-pray-love-author-elizabeth-gilbert-cancels-novel-russia/,2023-06-12
Fortune,"Joe Reedy, The Associated Press",Mike Breen in rarefied air as third man to call 100 NBA Finals broadcasts—and first on TV,https://fortune.com/2023/06/12/mike-breen-nba-finals-100-broadcasts-abc-espn/,2023-06-12
Fortune,"Edith M. Lederer, The Associated Press",UN chief wants to tackle the 'monster' of digital disinformation by creating a code of conduct for tech companies,https://fortune.com/2023/06/12/un-chief-digital-disinformation-code-of-conduct/,2023-06-12
Fortune,"Stan Choe, The Associated Press",S&P 500 hits highest level in over a year as markets begin to believe in a soft landing,https://fortune.com/2023/06/12/makets-will-there-be-recession-soft-landing-economy-sp-500-bull-market/,2023-06-12
Fortune,"Phillip M. Carter, The Conversation",Miami has so many Spanish speakers it's creating a new English-language dialect: 'Get down from the car',https://fortune.com/well/2023/06/12/miami-south-florida-spanish-english-new-dialect-loan-words/,2023-06-12
Fortune,"Leah Nylen, Anna Edgerton, Bloomberg","FTC sues Microsoft to block its $69 billion Activision Blizzard acquisition, setting up a potential legal showdown over the mega deal",https://fortune.com/2023/06/12/ftc-lawsuit-block-microsoft-activision-acquisition/,2023-06-12
Fortune,Alena Botros,98% of people have a below-market mortgage rate—that's keeping housing inventory tight,https://fortune.com/2023/06/12/why-housing-inventory-remains-so-tight-real-estatte/,2023-06-12
Fortune,"Ryan Vlastelica, Bloomberg",Apple's shares soar to a new high and closer to a $3 trillion market cap as Big Tech takes off again,https://fortune.com/2023/06/12/apple-shares-record-high-tech/,2023-06-12
Fortune,Will Daniel,'The bear is still alive.' Morgan Stanley's Mike Wilson says stocks could fall as much as 14% as earnings disappoint investors over the next year,https://fortune.com/2023/06/12/morgan-stanley-stock-market-prediction-mike-wilson-bear-market-stocks-to-fall/,2023-06-12
Fortune,"Tarso Veloso, Dayanne Sousa, Bloomberg",Cardboard sales are a reliable barometer for consumer spending and the economy—and it's not looking good,https://fortune.com/2023/06/12/cardboard-sales-economy-consumer-spending/,2023-06-12
Fortune,Alexa Mikhail,"Too much noise can hurt your health and shorten your lifespan. Here’s how to know if you're at risk, and tips for protecting yourself",https://fortune.com/well/2023/06/12/too-much-noise-hurt-health-shorten-lifespan/,2023-06-12
Fortune,L'Oreal Thompson Payton,‘Antidopamine parenting’ may be the secret to curbing your kids' sweet tooth and screen time. Here's how to start,https://fortune.com/well/2023/06/12/antidopamine-parenting/,2023-06-12
Fortune,Erin Prater,"Millions who had COVID still can’t smell or taste, new study reports: ‘Many people never fully recovered those senses'",https://fortune.com/well/2023/06/12/millions-still-cant-taste-smell-because-of-covid/,2023-06-12
Fortune,Rachel Shin,George Soros’ millennial son used to worry he’d be seen as a ‘deadbeat lazy trust-fund kid.’ Now he’s in charge of a $25 billion hedge fund empire.,https://fortune.com/2023/06/12/who-is-alex-soros-george-soros-son-millennial-hedge-fund/,2023-06-12
Fortune,"Ragini Saxena, Bloomberg",Rampant air rage may be even worse this summer as packed planes and alcohol create a 'recipe for violence',https://fortune.com/2023/06/12/air-rage-summer-travel-alcohol-violence/,2023-06-12
Fortune,Will Daniel,Top tech analyst Dan Ives says the A.I. 'gold rush' is just like the dotcom boom—but it's a '1995 moment ... not 1999',https://fortune.com/2023/06/12/ai-dot-com-boom-tech-analyst-dan-ives/,2023-06-12
Fortune,Chris Morris,"Microsoft just rolled out a huge Xbox lineup for 2023 and 2024, including games that designers could only dream about before modern tech",https://fortune.com/2023/06/12/xbox-video-games-2023-holiday-titles-e3-starfield-microsoft/,2023-06-12
Fortune,Orianna Rosa Royle,Suze Orman: How Gen Z can retire as millionaires by doing one simple thing,https://fortune.com/2023/06/12/suze-orman-how-gen-z-can-retire-as-millionaires-investing/,2023-06-12
Fortune,"Rachel Korberg, Jenny Weissbourd",U.S. workforce data is behind the times. When will we measure what matters most to the American people?,https://fortune.com/2023/06/12/u-s-workforce-data-is-behind-the-times-when-will-we-measure-what-matters-most-to-the-american-people/,2023-06-12
Fortune,Chloe Taylor,Musk echoes the anti-tech take of 'the Unabomber',https://fortune.com/2023/06/12/elon-musk-ted-kaczynski-unabomber-technology-destroy-humanity/,2023-06-12
Fortune,"Matthew Brown, Amy Beth Hanson, The Associated Press",Gen Z climate activists from 5 to 22 years old are suing Montana for 'choosing corporations over the needs of their citizens',https://fortune.com/2023/06/12/montana-gen-z-climate-activists-sue-state-declaratory-judgment/,2023-06-12
Fortune,Marco Quiroz-Gutierrez,"XRP shrugs off crypto market downswing in wake of SEC lawsuits against Binance, Coinbase",https://fortune.com/crypto/2023/06/12/xrp-ripple-crypto-market-downswing-sec-lawsuits-binance-coinbase/,2023-06-12
Fortune,Chris Morris,"Your favorite subreddit is probably dark. Here's why over 7,000 forums have been shut down by their moderators in protest.",https://fortune.com/2023/06/12/why-reddit-subreddit-forums-dark-protest-moderators/,2023-06-12
Fortune,"Ron Todt, The Associated Press",The stretch of I-95 that collapsed in Philadelphia was just rebuilt for $212 million a few years ago,https://fortune.com/2023/06/12/philadelphia-highway-collapse-interstate-95-fire-no-deaths-injuries/,2023-06-12
The Wall Street Journal,wsj,The Soldier Who Surrendered to Ukrainian Drone...,https://www.wsj.com/articles/russia-soldier-surrender-ukraine-drone-3860ab6a,2023-06-14
The Wall Street Journal,"Eliot Brown, Weilun Soon","Stocks to Watch Wednesday: UnitedHealth, Shell, Nvidia, Lennar",https://www.wsj.com/livecoverage/federal-reserve-meeting-interest-rate-june-2023,2023-06-14
The Wall Street Journal,wsj,U.S. Spy Agencies Buy Vast Quantities of Americans' Personal Data...,https://www.wsj.com/articles/u-s-spy-agencies-buy-vast-quantities-of-americans-personal-data-report-says-f47ec3ad,2023-06-12
The Wall Street Journal,hirundo,The moral hazards of being beautiful,https://www.wsj.com/articles/the-moral-hazards-of-being-beautiful-94346e61,2023-06-12
